priority_lane,domain_group,surface_lane,model,xmlid,view_name,classification,structural_score,field_count,group_count,notebook_count,page_count,button_box_count,statusbar_count,source_trace_field_count,recommendation,gaps
P0_contract_default_tabs,finance,business_document,payment.ledger,smart_construction_core.view_payment_ledger_form,payment.ledger.runtime.default.form,contract_auto_with_default_tabs,7,9,4,0,0,0,0,0,可由契约层生成标准 notebook，但需确认页签语义,missing_labelled_group;missing_notebook;missing_page;missing_labelled_page;missing_statusbar;missing_button_box;missing_chatter
P0_contract_default_tabs,finance,business_document,payment.request,smart_construction_core.view_payment_request_form,payment.request.runtime.default.form,contract_auto_with_default_tabs,10,48,10,0,0,1,1,5,可由契约层生成标准 notebook，但需确认页签语义,missing_notebook;missing_page;missing_labelled_page;missing_chatter
P0_contract_default_tabs,finance,business_document,payment.request.line,smart_construction_core.view_payment_request_line_form,payment.request.line.runtime.default.form,contract_auto_with_default_tabs,9,19,5,0,0,1,0,8,可由契约层生成标准 notebook，但需确认页签语义,missing_notebook;missing_page;missing_labelled_page;missing_statusbar;missing_chatter
P0_contract_default_tabs,material,business_document,sc.material.catalog,smart_construction_core.view_sc_material_catalog_form,sc.material.catalog.runtime.default.form,contract_auto_with_default_tabs,8,17,8,0,0,0,0,4,可由契约层生成标准 notebook，但需确认页签语义,missing_notebook;missing_page;missing_labelled_page;missing_statusbar;missing_button_box;missing_chatter
P0_contract_default_tabs,material,business_document,sc.material.price,smart_construction_core.view_sc_material_price_form,sc.material.price.runtime.default.form,contract_auto_with_default_tabs,8,18,8,0,0,0,0,3,可由契约层生成标准 notebook，但需确认页签语义,missing_notebook;missing_page;missing_labelled_page;missing_statusbar;missing_button_box;missing_chatter
P0_contract_default_tabs,material,business_document,sc.material.stock.summary,smart_construction_core.view_sc_material_stock_summary_form,sc.material.stock.summary.runtime.default.form,contract_auto_with_default_tabs,8,25,9,0,0,0,0,0,可由契约层生成标准 notebook，但需确认页签语义,missing_notebook;missing_page;missing_labelled_page;missing_statusbar;missing_button_box;missing_chatter
P0_contract_default_tabs,project,business_document,project.budget.cost.alloc,smart_construction_core.view_project_budget_cost_alloc_form,project.budget.cost.alloc.runtime.default.form,contract_auto_with_default_tabs,7,6,1,0,0,0,0,0,可由契约层生成标准 notebook，但需确认页签语义,missing_labelled_group;missing_notebook;missing_page;missing_labelled_page;missing_statusbar;missing_button_box;missing_chatter
P0_contract_default_tabs,project,business_document,project.cost.code,smart_construction_core.view_project_cost_code_form,project.cost.code.runtime.default.form,contract_auto_with_default_tabs,7,7,1,0,0,0,0,0,可由契约层生成标准 notebook，但需确认页签语义,missing_labelled_group;missing_notebook;missing_page;missing_labelled_page;missing_statusbar;missing_button_box;missing_chatter
P0_contract_default_tabs,project,business_document,project.cost.ledger,smart_construction_core.view_project_cost_ledger_form,project.cost.ledger.runtime.default.form,contract_auto_with_default_tabs,7,10,3,0,0,0,0,0,可由契约层生成标准 notebook，但需确认页签语义,missing_labelled_group;missing_notebook;missing_page;missing_labelled_page;missing_statusbar;missing_button_box;missing_chatter
P0_contract_default_tabs,project,business_document,project.funding.baseline,smart_construction_core.view_project_funding_baseline_form,project.funding.baseline.runtime.default.form,contract_auto_with_default_tabs,7,4,1,0,0,0,0,0,可由契约层生成标准 notebook，但需确认页签语义,missing_labelled_group;missing_notebook;missing_page;missing_labelled_page;missing_statusbar;missing_button_box;missing_chatter
P0_contract_default_tabs,project,business_document,project.milestone,project.project_milestone_view_form,project.milestone.runtime.default.form,contract_auto_with_default_tabs,8,4,2,0,0,1,0,0,可由契约层生成标准 notebook，但需确认页签语义,missing_labelled_group;missing_notebook;missing_page;missing_labelled_page;missing_statusbar;missing_chatter
P0_contract_default_tabs,project,business_document,project.profit.compare,smart_construction_core.view_project_profit_compare_form,project.profit.compare.runtime.default.form,contract_auto_with_default_tabs,8,11,6,0,0,0,0,0,可由契约层生成标准 notebook，但需确认页签语义,missing_notebook;missing_page;missing_labelled_page;missing_statusbar;missing_button_box;missing_chatter
P0_contract_default_tabs,project,business_document,project.progress.entry,smart_construction_core.view_project_progress_entry_form,project.progress.entry.runtime.default.form,contract_auto_with_default_tabs,7,7,4,0,0,0,0,0,可由契约层生成标准 notebook，但需确认页签语义,missing_labelled_group;missing_notebook;missing_page;missing_labelled_page;missing_statusbar;missing_button_box;missing_chatter
P0_contract_default_tabs,project,business_document,project.project.stage,project.project_project_stage_view_form_quick_create,project.project.stage.runtime.default.form,contract_auto_with_default_tabs,7,6,3,0,0,0,0,0,可由契约层生成标准 notebook，但需确认页签语义,missing_labelled_group;missing_notebook;missing_page;missing_labelled_page;missing_statusbar;missing_button_box;missing_chatter
P0_contract_default_tabs,project,business_document,project.tags,project.project_tags_form_view,project.tags.runtime.default.form,contract_auto_with_default_tabs,7,2,1,0,0,0,0,0,可由契约层生成标准 notebook，但需确认页签语义,missing_labelled_group;missing_notebook;missing_page;missing_labelled_page;missing_statusbar;missing_button_box;missing_chatter
P0_contract_default_tabs,project,business_document,project.task.type,project.task_type_edit,project.task.type.runtime.default.form,contract_auto_with_default_tabs,7,7,3,0,0,0,0,0,可由契约层生成标准 notebook，但需确认页签语义,missing_labelled_group;missing_notebook;missing_page;missing_labelled_page;missing_statusbar;missing_button_box;missing_chatter
P0_contract_default_tabs,safety,business_document,sc.safety.patrol.task,smart_construction_core.view_sc_safety_patrol_task_form,sc.safety.patrol.task.runtime.default.form,contract_auto_with_default_tabs,7,12,3,0,0,0,0,0,可由契约层生成标准 notebook，但需确认页签语义,missing_labelled_group;missing_notebook;missing_page;missing_labelled_page;missing_statusbar;missing_button_box;missing_chatter
P0_contract_default_tabs,sc_other,business_document,sc.account.income.expense.summary,smart_construction_core.view_sc_account_income_expense_summary_form,sc.account.income.expense.summary.runtime.default.form,contract_auto_with_default_tabs,8,17,4,0,0,0,0,0,可由契约层生成标准 notebook，但需确认页签语义,missing_notebook;missing_page;missing_labelled_page;missing_statusbar;missing_button_box;missing_chatter
P0_contract_default_tabs,sc_other,business_document,sc.approval.scope,smart_construction_core.view_sc_approval_scope_form,sc.approval.scope.runtime.default.form,contract_auto_with_default_tabs,8,6,4,0,0,0,0,0,可由契约层生成标准 notebook，但需确认页签语义,missing_notebook;missing_page;missing_labelled_page;missing_statusbar;missing_button_box;missing_chatter
P0_contract_default_tabs,sc_other,business_document,sc.check.standard,smart_construction_core.view_sc_check_standard_form,sc.check.standard.runtime.default.form,contract_auto_with_default_tabs,8,27,2,0,0,0,0,4,可由契约层生成标准 notebook，但需确认页签语义,missing_notebook;missing_page;missing_labelled_page;missing_statusbar;missing_button_box;missing_chatter
P0_contract_default_tabs,sc_other,business_document,sc.check.standard.item,smart_construction_core.view_sc_check_standard_item_form,sc.check.standard.item.runtime.default.form,contract_auto_with_default_tabs,7,12,1,0,0,0,0,0,可由契约层生成标准 notebook，但需确认页签语义,missing_labelled_group;missing_notebook;missing_page;missing_labelled_page;missing_statusbar;missing_button_box;missing_chatter
P0_contract_default_tabs,sc_other,business_document,sc.company.operation.summary,smart_construction_core.view_sc_company_operation_summary_form,sc.company.operation.summary.runtime.default.form,contract_auto_with_default_tabs,8,28,5,0,0,0,0,1,可由契约层生成标准 notebook，但需确认页签语义,missing_notebook;missing_page;missing_labelled_page;missing_statusbar;missing_button_box;missing_chatter
P0_contract_default_tabs,sc_other,business_document,sc.comprehensive.cost.summary,smart_construction_core.view_sc_comprehensive_cost_summary_form,sc.comprehensive.cost.summary.runtime.default.form,contract_auto_with_default_tabs,8,26,7,0,0,0,0,1,可由契约层生成标准 notebook，但需确认页签语义,missing_notebook;missing_page;missing_labelled_page;missing_statusbar;missing_button_box;missing_chatter
P0_contract_default_tabs,sc_other,business_document,sc.construction.diary,smart_construction_core.view_sc_construction_diary_form,sc.construction.diary.runtime.default.form,contract_auto_with_default_tabs,9,21,6,0,0,0,1,0,可由契约层生成标准 notebook，但需确认页签语义,missing_notebook;missing_page;missing_labelled_page;missing_button_box;missing_chatter
P0_contract_default_tabs,sc_other,business_document,sc.dashboard.cockpit.fact,smart_construction_core.view_sc_dashboard_cockpit_fact_form,sc.dashboard.cockpit.fact.runtime.default.form,contract_auto_with_default_tabs,9,20,7,0,0,0,1,2,可由契约层生成标准 notebook，但需确认页签语义,missing_notebook;missing_page;missing_labelled_page;missing_button_box;missing_chatter
P0_contract_default_tabs,sc_other,business_document,sc.dictionary,smart_construction_core.view_sc_dictionary_form,sc.dictionary.runtime.default.form,contract_auto_with_default_tabs,7,5,1,0,0,0,0,0,可由契约层生成标准 notebook，但需确认页签语义,missing_labelled_group;missing_notebook;missing_page;missing_labelled_page;missing_statusbar;missing_button_box;missing_chatter
P0_contract_default_tabs,sc_other,business_document,sc.expense.claim,smart_construction_core.view_sc_expense_claim_form,sc.expense.claim.runtime.default.form,contract_auto_with_default_tabs,9,38,9,0,0,0,1,1,可由契约层生成标准 notebook，但需确认页签语义,missing_notebook;missing_page;missing_labelled_page;missing_button_box;missing_chatter
P0_contract_default_tabs,sc_other,business_document,sc.expense.reimbursement.summary,smart_construction_core.view_sc_expense_reimbursement_summary_form,sc.expense.reimbursement.summary.runtime.default.form,contract_auto_with_default_tabs,8,15,4,0,0,0,0,2,可由契约层生成标准 notebook，但需确认页签语义,missing_notebook;missing_page;missing_labelled_page;missing_statusbar;missing_button_box;missing_chatter
P0_contract_default_tabs,sc_other,business_document,sc.financing.loan,smart_construction_core.view_sc_financing_loan_form,sc.financing.loan.runtime.default.form,contract_auto_with_default_tabs,9,24,5,0,0,0,1,1,可由契约层生成标准 notebook，但需确认页签语义,missing_notebook;missing_page;missing_labelled_page;missing_button_box;missing_chatter
P0_contract_default_tabs,sc_other,business_document,sc.fund.daily.summary,smart_construction_core.view_sc_fund_daily_summary_form,sc.fund.daily.summary.runtime.default.form,contract_auto_with_default_tabs,8,7,4,0,0,0,0,0,可由契约层生成标准 notebook，但需确认页签语义,missing_notebook;missing_page;missing_labelled_page;missing_statusbar;missing_button_box;missing_chatter
P0_contract_default_tabs,sc_other,business_document,sc.history.todo,smart_construction_core.view_sc_history_todo_form,sc.history.todo.runtime.default.form,contract_auto_with_default_tabs,9,27,7,0,0,0,1,9,可由契约层生成标准 notebook，但需确认页签语义,missing_notebook;missing_page;missing_labelled_page;missing_button_box;missing_chatter
P0_contract_default_tabs,sc_other,business_document,sc.invoice.category.summary,smart_construction_core.view_sc_invoice_category_summary_form,sc.invoice.category.summary.runtime.default.form,contract_auto_with_default_tabs,8,20,7,0,0,0,0,2,可由契约层生成标准 notebook，但需确认页签语义,missing_notebook;missing_page;missing_labelled_page;missing_statusbar;missing_button_box;missing_chatter
P0_contract_default_tabs,sc_other,business_document,sc.invoice.registration,smart_construction_core.view_sc_invoice_registration_form,sc.invoice.registration.runtime.default.form,contract_auto_with_default_tabs,9,35,7,0,0,0,1,2,可由契约层生成标准 notebook，但需确认页签语义,missing_notebook;missing_page;missing_labelled_page;missing_button_box;missing_chatter
P0_contract_default_tabs,sc_other,business_document,sc.operating.metrics.project,smart_construction_core.view_sc_operating_metrics_project_form,sc.operating.metrics.project.runtime.default.form,contract_auto_with_default_tabs,8,28,10,0,0,0,0,1,可由契约层生成标准 notebook，但需确认页签语义,missing_notebook;missing_page;missing_labelled_page;missing_statusbar;missing_button_box;missing_chatter
P0_contract_default_tabs,sc_other,business_document,sc.payment.execution,smart_construction_core.view_sc_payment_execution_form,sc.payment.execution.runtime.default.form,contract_auto_with_default_tabs,9,35,9,0,0,0,1,5,可由契约层生成标准 notebook，但需确认页签语义,missing_notebook;missing_page;missing_labelled_page;missing_button_box;missing_chatter
P0_contract_default_tabs,sc_other,business_document,sc.plan.report,smart_construction_core.view_sc_plan_report_form,sc.plan.report.runtime.default.form,contract_auto_with_default_tabs,8,18,6,0,0,0,0,4,可由契约层生成标准 notebook，但需确认页签语义,missing_notebook;missing_page;missing_labelled_page;missing_statusbar;missing_button_box;missing_chatter
P0_contract_default_tabs,sc_other,business_document,sc.project.stage.requirement.item,smart_construction_core.view_sc_project_stage_requirement_item_form,sc.project.stage.requirement.item.runtime.default.form,contract_auto_with_default_tabs,7,6,1,0,0,0,0,0,可由契约层生成标准 notebook，但需确认页签语义,missing_labelled_group;missing_notebook;missing_page;missing_labelled_page;missing_statusbar;missing_button_box;missing_chatter
P0_contract_default_tabs,sc_other,business_document,sc.project.structure,smart_construction_core.view_sc_project_structure_form,sc.project.structure.runtime.default.form,contract_auto_with_default_tabs,8,11,3,0,0,0,0,0,可由契约层生成标准 notebook，但需确认页签语义,missing_notebook;missing_page;missing_labelled_page;missing_statusbar;missing_button_box;missing_chatter
P0_contract_default_tabs,sc_other,business_document,sc.receipt.income,smart_construction_core.view_sc_receipt_income_form,sc.receipt.income.runtime.default.form,contract_auto_with_default_tabs,9,35,8,0,0,0,1,4,可由契约层生成标准 notebook，但需确认页签语义,missing_notebook;missing_page;missing_labelled_page;missing_button_box;missing_chatter
P0_contract_default_tabs,sc_other,business_document,sc.receipt.invoice.line,smart_construction_core.view_receipt_invoice_line_form,sc.receipt.invoice.line.runtime.default.form,contract_auto_with_default_tabs,9,23,6,0,0,1,0,10,可由契约层生成标准 notebook，但需确认页签语义,missing_notebook;missing_page;missing_labelled_page;missing_statusbar;missing_chatter
P0_contract_default_tabs,sc_other,business_document,sc.risk.item,smart_construction_core.view_sc_risk_item_form,sc.risk.item.runtime.default.form,contract_auto_with_default_tabs,7,9,3,0,0,0,0,0,可由契约层生成标准 notebook，但需确认页签语义,missing_labelled_group;missing_notebook;missing_page;missing_labelled_page;missing_statusbar;missing_button_box;missing_chatter
P0_contract_default_tabs,sc_other,business_document,sc.risk.library,smart_construction_core.view_sc_risk_library_form,sc.risk.library.runtime.default.form,contract_auto_with_default_tabs,7,12,1,0,0,0,0,0,可由契约层生成标准 notebook，但需确认页签语义,missing_labelled_group;missing_notebook;missing_page;missing_labelled_page;missing_statusbar;missing_button_box;missing_chatter
P0_contract_default_tabs,sc_other,business_document,sc.salary.summary,smart_construction_core.view_sc_salary_summary_form,sc.salary.summary.runtime.default.form,contract_auto_with_default_tabs,8,14,4,0,0,0,0,1,可由契约层生成标准 notebook，但需确认页签语义,missing_notebook;missing_page;missing_labelled_page;missing_statusbar;missing_button_box;missing_chatter
P0_contract_default_tabs,sc_other,business_document,sc.settlement.adjustment,smart_construction_core.view_sc_settlement_adjustment_form,sc.settlement.adjustment.runtime.default.form,contract_auto_with_default_tabs,9,17,7,0,0,0,1,0,可由契约层生成标准 notebook，但需确认页签语义,missing_notebook;missing_page;missing_labelled_page;missing_button_box;missing_chatter
P0_contract_default_tabs,sc_other,business_document,sc.tax.deduction.registration,smart_construction_core.view_sc_tax_deduction_registration_form,sc.tax.deduction.registration.runtime.default.form,contract_auto_with_default_tabs,9,25,7,0,0,0,1,5,可由契约层生成标准 notebook，但需确认页签语义,missing_notebook;missing_page;missing_labelled_page;missing_button_box;missing_chatter
P0_contract_default_tabs,sc_other,business_document,sc.treasury.ledger,smart_construction_core.view_sc_treasury_ledger_form,sc.treasury.ledger.runtime.default.form,contract_auto_with_default_tabs,8,14,7,0,0,0,0,3,可由契约层生成标准 notebook，但需确认页签语义,missing_notebook;missing_page;missing_labelled_page;missing_statusbar;missing_button_box;missing_chatter
P0_contract_default_tabs,sc_other,business_document,sc.treasury.reconciliation,smart_construction_core.view_sc_treasury_reconciliation_form,sc.treasury.reconciliation.runtime.default.form,contract_auto_with_default_tabs,9,22,6,0,0,0,1,0,可由契约层生成标准 notebook，但需确认页签语义,missing_notebook;missing_page;missing_labelled_page;missing_button_box;missing_chatter
P0_contract_default_tabs,sc_other,business_document,sc.workflow.node,smart_construction_core.view_sc_workflow_node_form,sc.workflow.node.runtime.default.form,contract_auto_with_default_tabs,7,9,3,0,0,0,0,0,可由契约层生成标准 notebook，但需确认页签语义,missing_labelled_group;missing_notebook;missing_page;missing_labelled_page;missing_statusbar;missing_button_box;missing_chatter
P0_contract_default_tabs,tender,business_document,tender.doc.purchase,smart_construction_core.view_tender_doc_purchase_form,tender.doc.purchase.runtime.default.form,contract_auto_with_default_tabs,9,19,10,0,0,0,1,4,可由契约层生成标准 notebook，但需确认页签语义,missing_notebook;missing_page;missing_labelled_page;missing_button_box;missing_chatter
P0_contract_default_tabs,tender,business_document,tender.guarantee,smart_construction_core.view_tender_guarantee_form,tender.guarantee.runtime.default.form,contract_auto_with_default_tabs,8,10,5,0,0,0,0,0,可由契约层生成标准 notebook，但需确认页签语义,missing_notebook;missing_page;missing_labelled_page;missing_statusbar;missing_button_box;missing_chatter
P0_contract_default_tabs,tender,business_document,tender.opening,smart_construction_core.view_tender_opening_form,tender.opening.runtime.default.form,contract_auto_with_default_tabs,7,11,5,0,0,0,0,0,可由契约层生成标准 notebook，但需确认页签语义,missing_labelled_group;missing_notebook;missing_page;missing_labelled_page;missing_statusbar;missing_button_box;missing_chatter
P0_ready_baseline,contract,business_document,construction.contract,smart_construction_core.view_construction_contract_form,construction.contract.runtime.default.form,auto_standardizable,14,74,5,1,2,0,1,7,可直接作为项目式结构标准化输入,missing_button_box;missing_chatter
P0_ready_baseline,contract,business_document,construction.contract.expense,smart_construction_core.view_construction_contract_expense_form,construction.contract.expense.runtime.default.form,auto_standardizable,14,56,4,1,3,0,1,5,可直接作为项目式结构标准化输入,missing_button_box;missing_chatter
P0_ready_baseline,contract,business_document,construction.contract.income,smart_construction_core.view_construction_contract_income_form,construction.contract.income.runtime.default.form,auto_standardizable,14,63,4,1,3,0,1,5,可直接作为项目式结构标准化输入,missing_button_box;missing_chatter
P0_ready_baseline,material,business_document,sc.material.acceptance,smart_construction_core.view_sc_material_acceptance_form,sc.material.acceptance.runtime.default.form,auto_standardizable,14,39,6,1,4,0,1,4,可直接作为项目式结构标准化输入,missing_button_box;missing_chatter
P0_ready_baseline,material,business_document,sc.material.inbound,smart_construction_core.view_sc_material_inbound_form,sc.material.inbound.runtime.default.form,auto_standardizable,14,29,5,1,3,0,1,3,可直接作为项目式结构标准化输入,missing_button_box;missing_chatter
P0_ready_baseline,material,business_document,sc.material.outbound,smart_construction_core.view_sc_material_outbound_form,sc.material.outbound.runtime.default.form,auto_standardizable,14,25,5,1,3,0,1,4,可直接作为项目式结构标准化输入,missing_button_box;missing_chatter
P0_ready_baseline,material,business_document,sc.material.purchase.request,smart_construction_core.view_sc_material_purchase_request_form,sc.material.purchase.request.runtime.default.form,auto_standardizable,14,25,5,1,3,0,1,3,可直接作为项目式结构标准化输入,missing_button_box;missing_chatter
P0_ready_baseline,material,business_document,sc.material.rfq,smart_construction_core.view_sc_material_rfq_form,sc.material.rfq.runtime.default.form,auto_standardizable,14,36,5,1,3,0,1,5,可直接作为项目式结构标准化输入,missing_button_box;missing_chatter
P0_ready_baseline,material,business_document,sc.material.settlement,smart_construction_core.view_sc_material_settlement_form,sc.material.settlement.runtime.default.form,auto_standardizable,14,27,6,1,3,0,1,3,可直接作为项目式结构标准化输入,missing_button_box;missing_chatter
P0_ready_baseline,project,business_document,project.boq.line,smart_construction_core.view_project_boq_line_form,project.boq.line.runtime.default.form,auto_standardizable,13,33,13,1,2,0,0,1,可直接作为项目式结构标准化输入,missing_statusbar;missing_button_box;missing_chatter
P0_ready_baseline,project,business_document,project.budget,smart_construction_core.view_project_budget_form,project.budget.runtime.default.form,auto_standardizable,13,23,3,1,1,0,0,1,可直接作为项目式结构标准化输入,missing_statusbar;missing_button_box;missing_chatter
P0_ready_baseline,project,business_document,project.project,project.edit_project,project.project.runtime.default.form,auto_standardizable,15,49,11,1,3,1,1,0,可直接作为项目式结构标准化输入,missing_chatter
P0_ready_baseline,sc_other,business_document,sc.approval.policy,smart_construction_core.view_sc_approval_policy_form,sc.approval.policy.runtime.default.form,auto_standardizable,13,19,9,1,2,0,0,0,可直接作为项目式结构标准化输入,missing_statusbar;missing_button_box;missing_chatter
P0_ready_baseline,sc_other,business_document,sc.ar.ap.company.summary,smart_construction_core.view_sc_ar_ap_company_summary_form,sc.ar.ap.company.summary.runtime.default.form,auto_standardizable,13,26,6,1,3,0,0,0,可直接作为项目式结构标准化输入,missing_statusbar;missing_button_box;missing_chatter
P0_ready_baseline,sc_other,business_document,sc.ar.ap.project.summary,smart_construction_core.view_sc_ar_ap_project_summary_form,sc.ar.ap.project.summary.runtime.default.form,auto_standardizable,13,26,6,1,3,0,0,0,可直接作为项目式结构标准化输入,missing_statusbar;missing_button_box;missing_chatter
P0_ready_baseline,sc_other,business_document,sc.business.entity,smart_construction_core.view_sc_business_entity_form,sc.business.entity.runtime.default.form,auto_standardizable,13,18,6,1,2,0,0,6,可直接作为项目式结构标准化输入,missing_statusbar;missing_button_box;missing_chatter
P0_ready_baseline,sc_other,business_document,sc.document.admin.document,smart_construction_core.view_sc_document_admin_document_form,sc.document.admin.document.runtime.default.form,auto_standardizable,14,28,8,1,2,0,1,4,可直接作为项目式结构标准化输入,missing_button_box;missing_chatter
P0_ready_baseline,sc_other,business_document,sc.fund.account,smart_construction_core.view_sc_fund_account_form,sc.fund.account.runtime.default.form,auto_standardizable,14,15,3,1,1,0,1,1,可直接作为项目式结构标准化输入,missing_button_box;missing_chatter
P0_ready_baseline,sc_other,business_document,sc.fund.account.operation,smart_construction_core.view_sc_fund_account_operation_form,sc.fund.account.operation.runtime.default.form,auto_standardizable,14,29,5,1,1,0,1,6,可直接作为项目式结构标准化输入,missing_button_box;missing_chatter
P0_ready_baseline,sc_other,business_document,sc.general.contract,smart_construction_core.view_sc_general_contract_form,sc.general.contract.runtime.default.form,auto_standardizable,14,61,7,1,1,0,1,0,可直接作为项目式结构标准化输入,missing_button_box;missing_chatter
P0_ready_baseline,sc_other,business_document,sc.hr.payroll.document,smart_construction_core.view_sc_hr_payroll_document_form,sc.hr.payroll.document.runtime.default.form,auto_standardizable,14,32,10,1,1,0,1,4,可直接作为项目式结构标准化输入,missing_button_box;missing_chatter
P0_ready_baseline,sc_other,business_document,sc.office.admin.document,smart_construction_core.view_sc_office_admin_document_form,sc.office.admin.document.runtime.default.form,auto_standardizable,14,25,7,1,2,0,1,4,可直接作为项目式结构标准化输入,missing_button_box;missing_chatter
P0_ready_baseline,sc_other,business_document,sc.partner.import.review,smart_construction_core.view_sc_partner_import_review_form,sc.partner.import.review.runtime.default.form,auto_standardizable,14,36,8,1,3,0,1,9,可直接作为项目式结构标准化输入,missing_button_box;missing_chatter
P0_ready_baseline,sc_other,business_document,sc.settlement.order,smart_construction_core.view_sc_settlement_order_form,sc.settlement.order.runtime.default.form,auto_standardizable,14,58,9,1,5,0,1,0,可直接作为项目式结构标准化输入,missing_button_box;missing_chatter
P1_semantic_annotation,contract,business_document,construction.work.breakdown,smart_construction_core.view_project_wbs_form,construction.work.breakdown.runtime.default.form,needs_semantic_annotation,12,21,3,1,3,0,0,0,结构基本可用，建议补 group/page 标题或 data-sc-anchor,missing_labelled_group;missing_statusbar;missing_button_box;missing_chatter
P1_semantic_annotation,equipment,business_document,sc.equipment.plan,smart_construction_core.view_sc_equipment_plan_form,sc.equipment.plan.runtime.default.form,needs_semantic_annotation,13,20,4,1,3,0,1,3,结构基本可用，建议补 group/page 标题或 data-sc-anchor,missing_labelled_group;missing_button_box;missing_chatter
P1_semantic_annotation,equipment,business_document,sc.equipment.price,smart_construction_core.view_sc_equipment_price_form,sc.equipment.price.runtime.default.form,needs_semantic_annotation,13,16,4,1,2,0,1,3,结构基本可用，建议补 group/page 标题或 data-sc-anchor,missing_labelled_group;missing_button_box;missing_chatter
P1_semantic_annotation,equipment,business_document,sc.equipment.request,smart_construction_core.view_sc_equipment_request_form,sc.equipment.request.runtime.default.form,needs_semantic_annotation,13,20,4,1,3,0,1,3,结构基本可用，建议补 group/page 标题或 data-sc-anchor,missing_labelled_group;missing_button_box;missing_chatter
P1_semantic_annotation,equipment,business_document,sc.equipment.settlement,smart_construction_core.view_sc_equipment_settlement_form,sc.equipment.settlement.runtime.default.form,needs_semantic_annotation,13,23,4,1,3,0,1,3,结构基本可用，建议补 group/page 标题或 data-sc-anchor,missing_labelled_group;missing_button_box;missing_chatter
P1_semantic_annotation,equipment,business_document,sc.equipment.usage,smart_construction_core.view_sc_equipment_usage_form,sc.equipment.usage.runtime.default.form,needs_semantic_annotation,13,17,4,1,2,0,1,3,结构基本可用，建议补 group/page 标题或 data-sc-anchor,missing_labelled_group;missing_button_box;missing_chatter
P1_semantic_annotation,labor,business_document,sc.labor.plan,smart_construction_core.view_sc_labor_plan_form,sc.labor.plan.runtime.default.form,needs_semantic_annotation,13,18,4,1,3,0,1,3,结构基本可用，建议补 group/page 标题或 data-sc-anchor,missing_labelled_group;missing_button_box;missing_chatter
P1_semantic_annotation,labor,business_document,sc.labor.price,smart_construction_core.view_sc_labor_price_form,sc.labor.price.runtime.default.form,needs_semantic_annotation,13,16,4,1,2,0,1,3,结构基本可用，建议补 group/page 标题或 data-sc-anchor,missing_labelled_group;missing_button_box;missing_chatter
P1_semantic_annotation,labor,business_document,sc.labor.request,smart_construction_core.view_sc_labor_request_form,sc.labor.request.runtime.default.form,needs_semantic_annotation,13,17,4,1,3,0,1,3,结构基本可用，建议补 group/page 标题或 data-sc-anchor,missing_labelled_group;missing_button_box;missing_chatter
P1_semantic_annotation,labor,business_document,sc.labor.settlement,smart_construction_core.view_sc_labor_settlement_form,sc.labor.settlement.runtime.default.form,needs_semantic_annotation,13,22,4,1,3,0,1,3,结构基本可用，建议补 group/page 标题或 data-sc-anchor,missing_labelled_group;missing_button_box;missing_chatter
P1_semantic_annotation,labor,business_document,sc.labor.usage,smart_construction_core.view_sc_labor_usage_form,sc.labor.usage.runtime.default.form,needs_semantic_annotation,13,15,4,1,3,0,1,3,结构基本可用，建议补 group/page 标题或 data-sc-anchor,missing_labelled_group;missing_button_box;missing_chatter
P1_semantic_annotation,material,business_document,sc.material.rental.order,smart_construction_core.view_sc_material_rental_order_form,sc.material.rental.order.runtime.default.form,needs_semantic_annotation,13,27,4,1,3,0,1,3,结构基本可用，建议补 group/page 标题或 data-sc-anchor,missing_labelled_group;missing_button_box;missing_chatter
P1_semantic_annotation,material,business_document,sc.material.rental.plan,smart_construction_core.view_sc_material_rental_plan_form,sc.material.rental.plan.runtime.default.form,needs_semantic_annotation,13,26,4,1,3,0,1,3,结构基本可用，建议补 group/page 标题或 data-sc-anchor,missing_labelled_group;missing_button_box;missing_chatter
P1_semantic_annotation,material,business_document,sc.material.rental.settlement,smart_construction_core.view_sc_material_rental_settlement_form,sc.material.rental.settlement.runtime.default.form,needs_semantic_annotation,13,27,4,1,3,0,1,3,结构基本可用，建议补 group/page 标题或 data-sc-anchor,missing_labelled_group;missing_button_box;missing_chatter
P1_semantic_annotation,project,business_document,project.dictionary,smart_construction_core.view_project_dictionary_form,project.dictionary.runtime.default.form,needs_semantic_annotation,12,13,2,1,1,0,0,0,结构基本可用，建议补 group/page 标题或 data-sc-anchor,missing_labelled_group;missing_statusbar;missing_button_box;missing_chatter
P1_semantic_annotation,project,business_document,project.material.plan,smart_construction_core.view_project_material_plan_form,project.material.plan.runtime.default.form,needs_semantic_annotation,14,27,3,1,3,1,1,0,结构基本可用，建议补 group/page 标题或 data-sc-anchor,missing_labelled_group;missing_chatter
P1_semantic_annotation,project,business_document,project.task,project.view_task_form2,project.task.runtime.default.form,needs_semantic_annotation,15,47,5,1,3,1,4,0,结构基本可用，建议补 group/page 标题或 data-sc-anchor,missing_labelled_group
P1_semantic_annotation,project,business_document,project.update,project.project_update_view_form,project.update.runtime.default.form,needs_semantic_annotation,13,11,3,1,1,0,0,0,结构基本可用，建议补 group/page 标题或 data-sc-anchor,missing_labelled_group;missing_statusbar;missing_button_box
P1_semantic_annotation,quality,business_document,sc.quality.issue,smart_construction_core.view_sc_quality_issue_form,sc.quality.issue.runtime.default.form,needs_semantic_annotation,13,36,5,1,5,0,1,4,结构基本可用，建议补 group/page 标题或 data-sc-anchor,missing_labelled_group;missing_button_box;missing_chatter
P1_semantic_annotation,quality,business_document,sc.quality.recheck,smart_construction_core.view_sc_quality_recheck_form,sc.quality.recheck.runtime.default.form,needs_semantic_annotation,12,25,4,1,3,0,0,4,结构基本可用，建议补 group/page 标题或 data-sc-anchor,missing_labelled_group;missing_statusbar;missing_button_box;missing_chatter
P1_semantic_annotation,quality,business_document,sc.quality.rectification,smart_construction_core.view_sc_quality_rectification_form,sc.quality.rectification.runtime.default.form,needs_semantic_annotation,12,25,4,1,3,0,0,4,结构基本可用，建议补 group/page 标题或 data-sc-anchor,missing_labelled_group;missing_statusbar;missing_button_box;missing_chatter
P1_semantic_annotation,safety,business_document,sc.safety.disclosure,smart_construction_core.view_sc_safety_disclosure_form,sc.safety.disclosure.runtime.default.form,needs_semantic_annotation,12,14,4,1,3,0,0,3,结构基本可用，建议补 group/page 标题或 data-sc-anchor,missing_labelled_group;missing_statusbar;missing_button_box;missing_chatter
P1_semantic_annotation,safety,business_document,sc.safety.issue,smart_construction_core.view_sc_safety_issue_form,sc.safety.issue.runtime.default.form,needs_semantic_annotation,13,33,4,1,5,0,1,5,结构基本可用，建议补 group/page 标题或 data-sc-anchor,missing_labelled_group;missing_button_box;missing_chatter
P1_semantic_annotation,safety,business_document,sc.safety.plan,smart_construction_core.view_sc_safety_plan_form,sc.safety.plan.runtime.default.form,needs_semantic_annotation,13,13,2,1,3,0,1,3,结构基本可用，建议补 group/page 标题或 data-sc-anchor,missing_labelled_group;missing_button_box;missing_chatter
P1_semantic_annotation,safety,business_document,sc.safety.recheck,smart_construction_core.view_sc_safety_recheck_form,sc.safety.recheck.runtime.default.form,needs_semantic_annotation,12,25,4,1,3,0,0,4,结构基本可用，建议补 group/page 标题或 data-sc-anchor,missing_labelled_group;missing_statusbar;missing_button_box;missing_chatter
P1_semantic_annotation,safety,business_document,sc.safety.rectification,smart_construction_core.view_sc_safety_rectification_form,sc.safety.rectification.runtime.default.form,needs_semantic_annotation,12,25,4,1,3,0,0,4,结构基本可用，建议补 group/page 标题或 data-sc-anchor,missing_labelled_group;missing_statusbar;missing_button_box;missing_chatter
P1_semantic_annotation,sc_other,business_document,sc.attendance.checkin,smart_construction_core.view_sc_attendance_checkin_form,sc.attendance.checkin.runtime.default.form,needs_semantic_annotation,13,14,4,1,3,0,1,3,结构基本可用，建议补 group/page 标题或 data-sc-anchor,missing_labelled_group;missing_button_box;missing_chatter
P1_semantic_annotation,sc_other,business_document,sc.contract.event,smart_construction_core.view_sc_contract_event_form,sc.contract.event.runtime.default.form,needs_semantic_annotation,13,26,4,1,4,0,1,5,结构基本可用，建议补 group/page 标题或 data-sc-anchor,missing_labelled_group;missing_button_box;missing_chatter
P1_semantic_annotation,sc_other,business_document,sc.hazard.source,smart_construction_core.view_sc_hazard_source_form,sc.hazard.source.runtime.default.form,needs_semantic_annotation,12,16,4,1,3,0,0,3,结构基本可用，建议补 group/page 标题或 data-sc-anchor,missing_labelled_group;missing_statusbar;missing_button_box;missing_chatter
P1_semantic_annotation,sc_other,business_document,sc.plan,smart_construction_core.view_sc_plan_form,sc.plan.runtime.default.form,needs_semantic_annotation,13,46,4,1,6,0,1,4,结构基本可用，建议补 group/page 标题或 data-sc-anchor,missing_labelled_group;missing_button_box;missing_chatter
P1_semantic_annotation,sc_other,business_document,sc.project.document,smart_construction_core.view_sc_project_document_form,sc.project.document.runtime.default.form,needs_semantic_annotation,13,17,3,1,2,0,1,0,结构基本可用，建议补 group/page 标题或 data-sc-anchor,missing_labelled_group;missing_button_box;missing_chatter
P1_semantic_annotation,sc_other,business_document,sc.site.photo.batch,smart_construction_core.view_sc_site_photo_batch_form,sc.site.photo.batch.runtime.default.form,needs_semantic_annotation,12,16,3,1,2,0,0,1,结构基本可用，建议补 group/page 标题或 data-sc-anchor,missing_labelled_group;missing_statusbar;missing_button_box;missing_chatter
P1_semantic_annotation,sc_other,business_document,sc.workflow.def,smart_construction_core.view_sc_workflow_def_form,sc.workflow.def.runtime.default.form,needs_semantic_annotation,13,15,4,1,2,0,1,0,结构基本可用，建议补 group/page 标题或 data-sc-anchor,missing_labelled_group;missing_button_box;missing_chatter
P1_semantic_annotation,sc_other,business_document,sc.workflow.instance,smart_construction_core.view_sc_workflow_instance_form,sc.workflow.instance.runtime.default.form,needs_semantic_annotation,13,25,3,1,2,0,1,0,结构基本可用，建议补 group/page 标题或 data-sc-anchor,missing_labelled_group;missing_button_box;missing_chatter
P1_semantic_annotation,subcontract,business_document,sc.subcontract.plan,smart_construction_core.view_sc_subcontract_plan_form,sc.subcontract.plan.runtime.default.form,needs_semantic_annotation,13,22,4,1,3,0,1,3,结构基本可用，建议补 group/page 标题或 data-sc-anchor,missing_labelled_group;missing_button_box;missing_chatter
P1_semantic_annotation,subcontract,business_document,sc.subcontract.price,smart_construction_core.view_sc_subcontract_price_form,sc.subcontract.price.runtime.default.form,needs_semantic_annotation,13,16,4,1,2,0,1,3,结构基本可用，建议补 group/page 标题或 data-sc-anchor,missing_labelled_group;missing_button_box;missing_chatter
P1_semantic_annotation,subcontract,business_document,sc.subcontract.register,smart_construction_core.view_sc_subcontract_register_form,sc.subcontract.register.runtime.default.form,needs_semantic_annotation,13,24,4,1,4,0,1,3,结构基本可用，建议补 group/page 标题或 data-sc-anchor,missing_labelled_group;missing_button_box;missing_chatter
P1_semantic_annotation,subcontract,business_document,sc.subcontract.request,smart_construction_core.view_sc_subcontract_request_form,sc.subcontract.request.runtime.default.form,needs_semantic_annotation,13,27,4,1,4,0,1,3,结构基本可用，建议补 group/page 标题或 data-sc-anchor,missing_labelled_group;missing_button_box;missing_chatter
P1_semantic_annotation,subcontract,business_document,sc.subcontract.settlement,smart_construction_core.view_sc_subcontract_settlement_form,sc.subcontract.settlement.runtime.default.form,needs_semantic_annotation,13,24,4,1,3,0,1,3,结构基本可用，建议补 group/page 标题或 data-sc-anchor,missing_labelled_group;missing_button_box;missing_chatter
P1_semantic_annotation,tender,business_document,tender.bid,smart_construction_core.view_tender_bid_form,tender.bid.runtime.default.form,needs_semantic_annotation,14,55,7,1,9,1,1,0,结构基本可用，建议补 group/page 标题或 data-sc-anchor,missing_labelled_group;missing_chatter
P3_legacy_fact_default_tabs,legacy,legacy_fact_carrier,sc.legacy.account.master,smart_construction_core.view_sc_legacy_account_master_form,sc.legacy.account.master.runtime.default.form,contract_auto_with_default_tabs,8,15,7,0,0,0,0,3,可由契约层生成标准 notebook，但需确认页签语义,missing_notebook;missing_page;missing_labelled_page;missing_statusbar;missing_button_box;missing_chatter
P3_legacy_fact_default_tabs,legacy,legacy_fact_carrier,sc.legacy.account.transaction.line,smart_construction_core.view_sc_legacy_account_transaction_line_form,sc.legacy.account.transaction.line.runtime.default.form,contract_auto_with_default_tabs,8,21,7,0,0,0,0,7,可由契约层生成标准 notebook，但需确认页签语义,missing_notebook;missing_page;missing_labelled_page;missing_statusbar;missing_button_box;missing_chatter
P3_legacy_fact_default_tabs,legacy,legacy_fact_carrier,sc.legacy.business.entity.map,smart_construction_core.view_sc_legacy_business_entity_map_form,sc.legacy.business.entity.map.runtime.default.form,contract_auto_with_default_tabs,9,20,7,0,0,0,1,7,可由契约层生成标准 notebook，但需确认页签语义,missing_notebook;missing_page;missing_labelled_page;missing_button_box;missing_chatter
P3_legacy_fact_default_tabs,legacy,legacy_fact_carrier,sc.legacy.business.fact.residual,smart_construction_core.view_sc_legacy_business_fact_residual_form,sc.legacy.business.fact.residual.runtime.default.form,contract_auto_with_default_tabs,8,19,7,0,0,0,0,9,可由契约层生成标准 notebook，但需确认页签语义,missing_notebook;missing_page;missing_labelled_page;missing_statusbar;missing_button_box;missing_chatter
P3_legacy_fact_default_tabs,legacy,legacy_fact_carrier,sc.legacy.deduction.adjustment.line,smart_construction_core.view_sc_legacy_deduction_adjustment_line_form,sc.legacy.deduction.adjustment.line.runtime.default.form,contract_auto_with_default_tabs,8,22,6,0,0,0,0,5,可由契约层生成标准 notebook，但需确认页签语义,missing_notebook;missing_page;missing_labelled_page;missing_statusbar;missing_button_box;missing_chatter
P3_legacy_fact_default_tabs,legacy,legacy_fact_carrier,sc.legacy.enterprise.business.fact,smart_construction_core.view_sc_legacy_enterprise_business_fact_form,sc.legacy.enterprise.business.fact.runtime.default.form,contract_auto_with_default_tabs,8,24,10,0,0,0,0,12,可由契约层生成标准 notebook，但需确认页签语义,missing_notebook;missing_page;missing_labelled_page;missing_statusbar;missing_button_box;missing_chatter
P3_legacy_fact_default_tabs,legacy,legacy_fact_carrier,sc.legacy.equipment.lease.fact,smart_construction_core.view_sc_legacy_equipment_lease_fact_form,sc.legacy.equipment.lease.fact.runtime.default.form,contract_auto_with_default_tabs,8,42,16,0,0,0,0,10,可由契约层生成标准 notebook，但需确认页签语义,missing_notebook;missing_page;missing_labelled_page;missing_statusbar;missing_button_box;missing_chatter
P3_legacy_fact_default_tabs,legacy,legacy_fact_carrier,sc.legacy.expense.deposit.fact,smart_construction_core.view_sc_legacy_expense_deposit_fact_form,sc.legacy.expense.deposit.fact.runtime.default.form,contract_auto_with_default_tabs,7,21,4,0,0,0,0,14,可由契约层生成标准 notebook，但需确认页签语义,missing_labelled_group;missing_notebook;missing_page;missing_labelled_page;missing_statusbar;missing_button_box;missing_chatter
P3_legacy_fact_default_tabs,legacy,legacy_fact_carrier,sc.legacy.expense.reimbursement.line,smart_construction_core.view_sc_legacy_expense_reimbursement_line_form,sc.legacy.expense.reimbursement.line.runtime.default.form,contract_auto_with_default_tabs,8,44,11,0,0,0,0,9,可由契约层生成标准 notebook，但需确认页签语义,missing_notebook;missing_page;missing_labelled_page;missing_statusbar;missing_button_box;missing_chatter
P3_legacy_fact_default_tabs,legacy,legacy_fact_carrier,sc.legacy.file.index,smart_construction_core.view_sc_legacy_file_index_form,sc.legacy.file.index.runtime.default.form,contract_auto_with_default_tabs,8,24,7,0,0,0,0,6,可由契约层生成标准 notebook，但需确认页签语义,missing_notebook;missing_page;missing_labelled_page;missing_statusbar;missing_button_box;missing_chatter
P3_legacy_fact_default_tabs,legacy,legacy_fact_carrier,sc.legacy.finance.auxiliary.fact,smart_construction_core.view_sc_legacy_finance_auxiliary_fact_form,sc.legacy.finance.auxiliary.fact.runtime.default.form,contract_auto_with_default_tabs,7,30,11,0,0,0,0,8,可由契约层生成标准 notebook，但需确认页签语义,missing_labelled_group;missing_notebook;missing_page;missing_labelled_page;missing_statusbar;missing_button_box;missing_chatter
P3_legacy_fact_default_tabs,legacy,legacy_fact_carrier,sc.legacy.financing.loan.fact,smart_construction_core.view_sc_legacy_financing_loan_fact_form,sc.legacy.financing.loan.fact.runtime.default.form,contract_auto_with_default_tabs,7,9,5,0,0,0,0,0,可由契约层生成标准 notebook，但需确认页签语义,missing_labelled_group;missing_notebook;missing_page;missing_labelled_page;missing_statusbar;missing_button_box;missing_chatter
P3_legacy_fact_default_tabs,legacy,legacy_fact_carrier,sc.legacy.fund.confirmation.line,smart_construction_core.view_sc_legacy_fund_confirmation_line_form,sc.legacy.fund.confirmation.line.runtime.default.form,contract_auto_with_default_tabs,8,29,7,0,0,0,0,4,可由契约层生成标准 notebook，但需确认页签语义,missing_notebook;missing_page;missing_labelled_page;missing_statusbar;missing_button_box;missing_chatter
P3_legacy_fact_default_tabs,legacy,legacy_fact_carrier,sc.legacy.fund.daily.line,smart_construction_core.view_sc_legacy_fund_daily_line_form,sc.legacy.fund.daily.line.runtime.default.form,contract_auto_with_default_tabs,8,23,7,0,0,0,0,0,可由契约层生成标准 notebook，但需确认页签语义,missing_notebook;missing_page;missing_labelled_page;missing_statusbar;missing_button_box;missing_chatter
P3_legacy_fact_default_tabs,legacy,legacy_fact_carrier,sc.legacy.fund.daily.snapshot.fact,smart_construction_core.view_sc_legacy_fund_daily_snapshot_fact_form,sc.legacy.fund.daily.snapshot.fact.runtime.default.form,contract_auto_with_default_tabs,8,18,6,0,0,0,0,6,可由契约层生成标准 notebook，但需确认页签语义,missing_notebook;missing_page;missing_labelled_page;missing_statusbar;missing_button_box;missing_chatter
P3_legacy_fact_default_tabs,legacy,legacy_fact_carrier,sc.legacy.income.invoice.fact,smart_construction_core.view_sc_legacy_income_invoice_fact_form,sc.legacy.income.invoice.fact.runtime.default.form,contract_auto_with_default_tabs,8,42,16,0,0,0,0,9,可由契约层生成标准 notebook，但需确认页签语义,missing_notebook;missing_page;missing_labelled_page;missing_statusbar;missing_button_box;missing_chatter
P3_legacy_fact_default_tabs,legacy,legacy_fact_carrier,sc.legacy.invoice.registration.line,smart_construction_core.view_sc_legacy_invoice_registration_line_form,sc.legacy.invoice.registration.line.runtime.default.form,contract_auto_with_default_tabs,8,34,8,0,0,0,0,8,可由契约层生成标准 notebook，但需确认页签语义,missing_notebook;missing_page;missing_labelled_page;missing_statusbar;missing_button_box;missing_chatter
P3_legacy_fact_default_tabs,legacy,legacy_fact_carrier,sc.legacy.invoice.tax.fact,smart_construction_core.view_sc_legacy_invoice_tax_fact_form,sc.legacy.invoice.tax.fact.runtime.default.form,contract_auto_with_default_tabs,7,20,4,0,0,0,0,14,可由契约层生成标准 notebook，但需确认页签语义,missing_labelled_group;missing_notebook;missing_page;missing_labelled_page;missing_statusbar;missing_button_box;missing_chatter
P3_legacy_fact_default_tabs,legacy,legacy_fact_carrier,sc.legacy.labor.subcontract.fact,smart_construction_core.view_sc_legacy_labor_subcontract_fact_form,sc.legacy.labor.subcontract.fact.runtime.default.form,contract_auto_with_default_tabs,8,37,16,0,0,0,0,8,可由契约层生成标准 notebook，但需确认页签语义,missing_notebook;missing_page;missing_labelled_page;missing_statusbar;missing_button_box;missing_chatter
P3_legacy_fact_default_tabs,legacy,legacy_fact_carrier,sc.legacy.material.detail,smart_construction_core.view_sc_legacy_material_detail_form,sc.legacy.material.detail.runtime.default.form,contract_auto_with_default_tabs,8,12,7,0,0,0,0,0,可由契约层生成标准 notebook，但需确认页签语义,missing_notebook;missing_page;missing_labelled_page;missing_statusbar;missing_button_box;missing_chatter
P3_legacy_fact_default_tabs,legacy,legacy_fact_carrier,sc.legacy.material.stock.fact,smart_construction_core.view_sc_legacy_material_stock_fact_form,sc.legacy.material.stock.fact.runtime.default.form,contract_auto_with_default_tabs,8,37,15,0,0,0,0,10,可由契约层生成标准 notebook，但需确认页签语义,missing_notebook;missing_page;missing_labelled_page;missing_statusbar;missing_button_box;missing_chatter
P3_legacy_fact_default_tabs,legacy,legacy_fact_carrier,sc.legacy.partner.map,smart_construction_core.view_sc_legacy_partner_map_form,sc.legacy.partner.map.runtime.default.form,contract_auto_with_default_tabs,9,23,8,0,0,0,1,6,可由契约层生成标准 notebook，但需确认页签语义,missing_notebook;missing_page;missing_labelled_page;missing_button_box;missing_chatter
P3_legacy_fact_default_tabs,legacy,legacy_fact_carrier,sc.legacy.payment.adjustment.fact,smart_construction_core.view_sc_legacy_payment_adjustment_fact_form,sc.legacy.payment.adjustment.fact.runtime.default.form,contract_auto_with_default_tabs,8,21,7,0,0,0,0,12,可由契约层生成标准 notebook，但需确认页签语义,missing_notebook;missing_page;missing_labelled_page;missing_statusbar;missing_button_box;missing_chatter
P3_legacy_fact_default_tabs,legacy,legacy_fact_carrier,sc.legacy.payment.residual.fact,smart_construction_core.view_sc_tax_certificate_registration_form,sc.legacy.payment.residual.fact.runtime.default.form,contract_auto_with_default_tabs,8,18,8,0,0,0,0,3,可由契约层生成标准 notebook，但需确认页签语义,missing_notebook;missing_page;missing_labelled_page;missing_statusbar;missing_button_box;missing_chatter
P3_legacy_fact_default_tabs,legacy,legacy_fact_carrier,sc.legacy.project.map,smart_construction_core.view_sc_legacy_project_map_form,sc.legacy.project.map.runtime.default.form,contract_auto_with_default_tabs,9,25,8,0,0,0,1,4,可由契约层生成标准 notebook，但需确认页签语义,missing_notebook;missing_page;missing_labelled_page;missing_button_box;missing_chatter
P3_legacy_fact_default_tabs,legacy,legacy_fact_carrier,sc.legacy.purchase.contract.fact,smart_construction_core.view_sc_legacy_purchase_contract_fact_form,sc.legacy.purchase.contract.fact.runtime.default.form,contract_auto_with_default_tabs,8,36,13,0,0,0,0,0,可由契约层生成标准 notebook，但需确认页签语义,missing_notebook;missing_page;missing_labelled_page;missing_statusbar;missing_button_box;missing_chatter
P3_legacy_fact_default_tabs,legacy,legacy_fact_carrier,sc.legacy.receipt.income.fact,smart_construction_core.view_sc_legacy_receipt_income_fact_form,sc.legacy.receipt.income.fact.runtime.default.form,contract_auto_with_default_tabs,7,18,4,0,0,0,0,11,可由契约层生成标准 notebook，但需确认页签语义,missing_labelled_group;missing_notebook;missing_page;missing_labelled_page;missing_statusbar;missing_button_box;missing_chatter
P3_legacy_fact_default_tabs,legacy,legacy_fact_carrier,sc.legacy.report.inventory,smart_construction_core.view_sc_legacy_report_inventory_form,sc.legacy.report.inventory.runtime.default.form,contract_auto_with_default_tabs,8,19,7,0,0,0,0,5,可由契约层生成标准 notebook，但需确认页签语义,missing_notebook;missing_page;missing_labelled_page;missing_statusbar;missing_button_box;missing_chatter
P3_legacy_fact_default_tabs,legacy,legacy_fact_carrier,sc.legacy.legacy_source.fact.staging,smart_construction_core.view_sc_legacy_legacy_source_fact_staging_form,sc.legacy.legacy_source.fact.staging.runtime.default.form,contract_auto_with_default_tabs,8,28,13,0,0,0,0,10,可由契约层生成标准 notebook，但需确认页签语义,missing_notebook;missing_page;missing_labelled_page;missing_statusbar;missing_button_box;missing_chatter
P3_legacy_fact_default_tabs,legacy,legacy_fact_carrier,sc.legacy.legacy_source.material.map,smart_construction_core.view_sc_legacy_legacy_source_material_map_form,sc.legacy.legacy_source.material.map.runtime.default.form,contract_auto_with_default_tabs,9,26,11,0,0,0,1,3,可由契约层生成标准 notebook，但需确认页签语义,missing_notebook;missing_page;missing_labelled_page;missing_button_box;missing_chatter
P3_legacy_fact_default_tabs,legacy,legacy_fact_carrier,sc.legacy.tender.registration.fact,smart_construction_core.view_sc_legacy_tender_registration_fact_form,sc.legacy.tender.registration.fact.runtime.default.form,contract_auto_with_default_tabs,8,34,12,0,0,0,0,6,可由契约层生成标准 notebook，但需确认页签语义,missing_notebook;missing_page;missing_labelled_page;missing_statusbar;missing_button_box;missing_chatter
P3_legacy_fact_default_tabs,legacy,legacy_fact_carrier,sc.legacy.user.priority.menu.plan,smart_construction_core.view_sc_legacy_user_priority_menu_plan_form,sc.legacy.user.priority.menu.plan.runtime.default.form,contract_auto_with_default_tabs,8,16,9,0,0,0,0,6,可由契约层生成标准 notebook，但需确认页签语义,missing_notebook;missing_page;missing_labelled_page;missing_statusbar;missing_button_box;missing_chatter
P3_legacy_fact_default_tabs,legacy,legacy_fact_carrier,sc.legacy.workflow.audit,smart_construction_core.view_sc_legacy_workflow_audit_form,sc.legacy.workflow.audit.runtime.default.form,contract_auto_with_default_tabs,7,24,4,0,0,0,0,17,可由契约层生成标准 notebook，但需确认页签语义,missing_labelled_group;missing_notebook;missing_page;missing_labelled_page;missing_statusbar;missing_button_box;missing_chatter
P3_legacy_fact_default_tabs,legacy,legacy_fact_carrier,sc.legacy.workflow.detail.fact,smart_construction_core.view_sc_legacy_workflow_detail_fact_form,sc.legacy.workflow.detail.fact.runtime.default.form,contract_auto_with_default_tabs,7,30,8,0,0,0,0,12,可由契约层生成标准 notebook，但需确认页签语义,missing_labelled_group;missing_notebook;missing_page;missing_labelled_page;missing_statusbar;missing_button_box;missing_chatter
P3_platform_configuration,sc_other,platform_configuration,sc.capability,smart_construction_core.view_sc_capability_form,sc.capability.runtime.default.form,contract_auto_with_default_tabs,7,17,2,0,0,0,0,0,可由契约层生成标准 notebook，但需确认页签语义,missing_labelled_group;missing_notebook;missing_page;missing_labelled_page;missing_statusbar;missing_button_box;missing_chatter
P3_platform_configuration,sc_other,platform_configuration,sc.capability.group,smart_construction_core.view_sc_capability_group_form,sc.capability.group.runtime.default.form,contract_auto_with_default_tabs,8,8,2,0,0,0,0,0,可由契约层生成标准 notebook，但需确认页签语义,missing_notebook;missing_page;missing_labelled_page;missing_statusbar;missing_button_box;missing_chatter
P3_platform_configuration,sc_other,platform_configuration,sc.entitlement,smart_core.view_sc_entitlement_form,sc.entitlement.runtime.default.form,contract_auto_with_default_tabs,7,5,2,0,0,0,0,0,可由契约层生成标准 notebook，但需确认页签语义,missing_labelled_group;missing_notebook;missing_page;missing_labelled_page;missing_statusbar;missing_button_box;missing_chatter
P3_platform_configuration,sc_other,platform_configuration,sc.ops.job,smart_core.view_sc_ops_job_form,sc.ops.job.runtime.default.form,contract_auto_with_default_tabs,7,9,2,0,0,0,0,1,可由契约层生成标准 notebook，但需确认页签语义,missing_labelled_group;missing_notebook;missing_page;missing_labelled_page;missing_statusbar;missing_button_box;missing_chatter
P3_platform_configuration,sc_other,platform_configuration,sc.pack.installation,smart_construction_core.view_sc_pack_installation_form,sc.pack.installation.runtime.default.form,contract_auto_with_default_tabs,7,9,2,0,0,0,0,1,可由契约层生成标准 notebook，但需确认页签语义,missing_labelled_group;missing_notebook;missing_page;missing_labelled_page;missing_statusbar;missing_button_box;missing_chatter
P3_platform_configuration,sc_other,platform_configuration,sc.pack.registry,smart_construction_core.view_sc_pack_registry_form,sc.pack.registry.runtime.default.form,contract_auto_with_default_tabs,7,16,3,0,0,0,0,0,可由契约层生成标准 notebook，但需确认页签语义,missing_labelled_group;missing_notebook;missing_page;missing_labelled_page;missing_statusbar;missing_button_box;missing_chatter
P3_platform_configuration,sc_other,platform_configuration,sc.scene,smart_construction_core.view_sc_scene_form,sc.scene.runtime.default.form,needs_semantic_annotation,13,23,1,1,1,0,1,0,结构基本可用，建议补 group/page 标题或 data-sc-anchor,missing_labelled_group;missing_button_box;missing_chatter
P3_platform_configuration,sc_other,platform_configuration,sc.scene.governance.log,smart_construction_scene.view_sc_scene_governance_log_form,sc.scene.governance.log.runtime.default.form,contract_auto_with_default_tabs,7,9,2,0,0,0,0,1,可由契约层生成标准 notebook，但需确认页签语义,missing_labelled_group;missing_notebook;missing_page;missing_labelled_page;missing_statusbar;missing_button_box;missing_chatter
P3_platform_configuration,sc_other,platform_configuration,sc.scene.version,smart_construction_core.view_sc_scene_version_form,sc.scene.version.runtime.default.form,contract_auto_with_default_tabs,7,5,2,0,0,0,0,0,可由契约层生成标准 notebook，但需确认页签语义,missing_labelled_group;missing_notebook;missing_page;missing_labelled_page;missing_statusbar;missing_button_box;missing_chatter
P3_platform_configuration,sc_other,platform_configuration,sc.subscription,smart_core.view_sc_subscription_form,sc.subscription.runtime.default.form,contract_auto_with_default_tabs,7,7,1,0,0,0,0,0,可由契约层生成标准 notebook，但需确认页签语义,missing_labelled_group;missing_notebook;missing_page;missing_labelled_page;missing_statusbar;missing_button_box;missing_chatter
P3_platform_configuration,sc_other,platform_configuration,sc.subscription.plan,smart_core.view_sc_subscription_plan_form,sc.subscription.plan.runtime.default.form,contract_auto_with_default_tabs,7,7,2,0,0,0,0,0,可由契约层生成标准 notebook，但需确认页签语义,missing_labelled_group;missing_notebook;missing_page;missing_labelled_page;missing_statusbar;missing_button_box;missing_chatter
P3_platform_configuration,sc_other,platform_configuration,sc.usage.counter,smart_core.view_sc_usage_counter_form,sc.usage.counter.runtime.default.form,contract_auto_with_default_tabs,7,4,1,0,0,0,0,0,可由契约层生成标准 notebook，但需确认页签语义,missing_labelled_group;missing_notebook;missing_page;missing_labelled_page;missing_statusbar;missing_button_box;missing_chatter
P3_platform_configuration,sc_other,platform_configuration,sc.workbench.item,smart_construction_core.view_sc_workbench_item_form,sc.workbench.item.runtime.default.form,contract_auto_with_default_tabs,9,16,7,0,0,0,1,2,可由契约层生成标准 notebook，但需确认页签语义,missing_notebook;missing_page;missing_labelled_page;missing_button_box;missing_chatter
P4_setup_or_wizard,other,setup_or_wizard,quota.import.wizard,smart_construction_core.view_quota_import_wizard_form,quota.import.wizard.runtime.default.form,contract_auto_with_default_tabs,7,4,1,0,0,0,0,0,可由契约层生成标准 notebook，但需确认页签语义,missing_labelled_group;missing_notebook;missing_page;missing_labelled_page;missing_statusbar;missing_button_box;missing_chatter
P4_setup_or_wizard,project,setup_or_wizard,project.boq.import.wizard,smart_construction_core.view_project_boq_import_wizard,project.boq.import.wizard.runtime.default.form,needs_xml_structure,5,10,1,0,0,0,0,1,缺少 sheet/group，契约层难以稳定推断主信息区,missing_sheet;missing_labelled_group;missing_notebook;missing_page;missing_labelled_page;missing_statusbar;missing_button_box;missing_chatter
P4_setup_or_wizard,project,setup_or_wizard,project.project.stage.delete.wizard,project.view_project_project_stage_delete_wizard,project.project.stage.delete.wizard.runtime.default.form,needs_xml_structure,3,2,0,0,0,0,0,0,缺少 sheet/group，契约层难以稳定推断主信息区,missing_sheet;missing_group;missing_labelled_group;missing_notebook;missing_page;missing_labelled_page;missing_statusbar;missing_button_box;missing_chatter
P4_setup_or_wizard,project,setup_or_wizard,project.quick.create.wizard,smart_construction_core.view_project_quick_create_wizard_form,project.quick.create.wizard.runtime.default.form,needs_xml_structure,5,3,1,0,0,0,0,0,缺少 sheet/group，契约层难以稳定推断主信息区,missing_sheet;missing_labelled_group;missing_notebook;missing_page;missing_labelled_page;missing_statusbar;missing_button_box;missing_chatter
P4_setup_or_wizard,project,setup_or_wizard,project.share.wizard,project.project_share_wizard_view_form,project.share.wizard.runtime.default.form,needs_xml_structure,5,8,1,0,0,0,0,0,缺少 sheet/group，契约层难以稳定推断主信息区,missing_sheet;missing_labelled_group;missing_notebook;missing_page;missing_labelled_page;missing_statusbar;missing_button_box;missing_chatter
P4_setup_or_wizard,project,setup_or_wizard,project.task.from.boq.wizard,smart_construction_core.view_project_task_from_boq_wizard,project.task.from.boq.wizard.runtime.default.form,needs_xml_structure,5,4,1,0,0,0,0,0,缺少 sheet/group，契约层难以稳定推断主信息区,missing_sheet;missing_labelled_group;missing_notebook;missing_page;missing_labelled_page;missing_statusbar;missing_button_box;missing_chatter
P4_setup_or_wizard,project,setup_or_wizard,project.task.type.delete.wizard,project.view_project_task_type_delete_wizard,project.task.type.delete.wizard.runtime.default.form,needs_xml_structure,3,2,0,0,0,0,0,0,缺少 sheet/group，契约层难以稳定推断主信息区,missing_sheet;missing_group;missing_labelled_group;missing_notebook;missing_page;missing_labelled_page;missing_statusbar;missing_button_box;missing_chatter
P4_setup_or_wizard,sc_other,setup_or_wizard,sc.approval.scope.user.wizard,smart_construction_core.view_sc_approval_scope_user_wizard_form,sc.approval.scope.user.wizard.runtime.default.form,needs_xml_structure,5,5,1,0,0,0,0,0,缺少 sheet/group，契约层难以稳定推断主信息区,missing_sheet;missing_labelled_group;missing_notebook;missing_page;missing_labelled_page;missing_statusbar;missing_button_box;missing_chatter
P4_setup_or_wizard,sc_other,setup_or_wizard,sc.project.stage.requirement.wizard,smart_construction_core.view_sc_project_stage_requirement_wizard,sc.project.stage.requirement.wizard.runtime.default.form,contract_auto_with_default_tabs,7,6,2,0,0,0,0,0,可由契约层生成标准 notebook，但需确认页签语义,missing_labelled_group;missing_notebook;missing_page;missing_labelled_page;missing_statusbar;missing_button_box;missing_chatter
P4_setup_or_wizard,sc_other,setup_or_wizard,sc.scene.governance.wizard,smart_construction_scene.view_sc_scene_governance_wizard_form,sc.scene.governance.wizard.runtime.default.form,needs_xml_structure,5,4,1,0,0,0,0,0,缺少 sheet/group，契约层难以稳定推断主信息区,missing_sheet;missing_labelled_group;missing_notebook;missing_page;missing_labelled_page;missing_statusbar;missing_button_box;missing_chatter
